hyperparams,y_pred
hyperparams,y_pred
hyperparams,y_pred
hyperparams,y_pred
hyperparams,y_pred
hyperparams,y_pred
hyperparams,y_pred
hyperparams,y_pred
hyperparams,y_pred
hyperparams,y_pred
hyperparams,y_pred
hyperparams,y_pred
hyperparams,y_pred
hyperparams,y_pred
hyperparams,y_pred
hyperparams,y_pred
hyperparams,y_pred
hyperparams,y_pred
hyperparams,y_pred
hyperparams,y_pred
hyperparams,y_pred
hyperparams,y_pred
hyperparams,y_pred
hyperparams,y_pred
hyperparams,y_pred
hyperparams,y_pred
hyperparams,y_pred
hyperparams,y_pred
hyperparams,y_pred
hyperparams,y_pred
hyperparams,y_pred
hyperparams,y_pred
hyperparams,y_pred
hyperparams,y_pred
hyperparams,y_pred
hyperparams,y_pred
hyperparams,y_pred
hyperparams,y_pred
hyperparams,y_pred
hyperparams,y_pred
hyperparams,y_pred
hyperparams,y_pred
hyperparams,y_pred
hyperparams,y_pred
hyperparams,y_pred
hyperparams,y_pred
hyperparams,y_pred
hyperparams,y_pred
hyperparams,y_pred
hyperparams,y_pred
hyperparams,y_pred
hyperparams,y_pred
hyperparams,y_pred
hyperparams,y_pred
hyperparams,y_pred
hyperparams,y_pred
hyperparams,y_pred
hyperparams,y_pred
hyperparams,y_pred
hyperparams,y_pred
hyperparams,y_pred
hyperparams,y_pred
hyperparams,y_pred
hyperparams,y_pred
hyperparams,y_pred
hyperparams,y_pred
hyperparams,y_pred
hyperparams,y_pred
hyperparams,y_pred
hyperparams,y_pred
hyperparams,y_pred
hyperparams,y_pred
hyperparams,y_pred
hyperparams,y_pred
hyperparams,y_pred
hyperparams,y_pred
hyperparams,y_pred
hyperparams,y_pred
hyperparams,y_pred
hyperparams,y_pred
hyperparams,y_pred
hyperparams,y_pred
hyperparams,y_pred
hyperparams,y_pred
hyperparams,y_pred
hyperparams,y_pred
hyperparams,y_pred
hyperparams,y_pred
hyperparams,y_pred
hyperparams,y_pred
hyperparams,y_pred
hyperparams,y_pred
hyperparams,y_pred
hyperparams,y_pred
hyperparams,y_pred
hyperparams,y_pred
hyperparams,y_pred
hyperparams,y_pred
hyperparams,y_pred
hyperparams,y_pred
hyperparams,y_pred
hyperparams,y_pred
hyperparams,y_pred
hyperparams,y_pred
hyperparams,y_pred
hyperparams,y_pred
hyperparams,y_pred
hyperparams,y_pred
hyperparams,y_pred
hyperparams,y_pred
hyperparams,y_pred
hyperparams,y_pred
hyperparams,y_pred
hyperparams,y_pred
hyperparams,y_pred
hyperparams,y_pred
hyperparams,y_pred
hyperparams,y_pred
hyperparams,y_pred
hyperparams,y_pred
hyperparams,y_pred
hyperparams,y_pred
hyperparams,y_pred
hyperparams,y_pred
hyperparams,y_pred
hyperparams,y_pred
hyperparams,y_pred
hyperparams,y_pred
hyperparams,y_pred
hyperparams,y_pred
hyperparams,y_pred
hyperparams,y_pred
hyperparams,y_pred
hyperparams,y_pred
hyperparams,y_pred
hyperparams,y_pred
hyperparams,y_pred
hyperparams,y_pred
hyperparams,y_pred
hyperparams,y_pred
hyperparams,y_pred
hyperparams,y_pred
hyperparams,y_pred
hyperparams,y_pred
hyperparams,y_pred
hyperparams,y_pred
hyperparams,y_pred
hyperparams,y_pred
hyperparams,y_pred
hyperparams,y_pred
hyperparams,y_pred
hyperparams,y_pred
hyperparams,y_pred
hyperparams,y_pred
hyperparams,y_pred
hyperparams,y_pred
hyperparams,y_pred
hyperparams,y_pred
hyperparams,y_pred
hyperparams,y_pred
hyperparams,y_pred
hyperparams,y_pred
hyperparams,y_pred
hyperparams,y_pred
hyperparams,y_pred
hyperparams,y_pred
hyperparams,y_pred
hyperparams,y_pred
hyperparams,y_pred
hyperparams,y_pred
hyperparams,y_pred
hyperparams,y_pred
hyperparams,y_pred
hyperparams,y_pred
hyperparams,y_pred
hyperparams,y_pred
hyperparams,y_pred
hyperparams,y_pred
hyperparams,y_pred
hyperparams,y_pred
hyperparams,y_pred
hyperparams,y_pred
hyperparams,y_pred
hyperparams,y_pred
hyperparams,y_pred
hyperparams,y_pred
hyperparams,y_pred
hyperparams,y_pred
hyperparams,y_pred
hyperparams,y_pred
hyperparams,y_pred
hyperparams,y_pred
hyperparams,y_pred
hyperparams,y_pred
hyperparams,y_pred
hyperparams,y_pred
hyperparams,y_pred
hyperparams,y_pred
hyperparams,y_pred
hyperparams,y_pred
hyperparams,y_pred
hyperparams,y_pred
hyperparams,y_pred
hyperparams,y_pred
hyperparams,y_pred
hyperparams,y_pred
hyperparams,y_pred
hyperparams,y_pred
hyperparams,y_pred
hyperparams,y_pred
hyperparams,y_pred
hyperparams,y_pred
hyperparams,y_pred
hyperparams,y_pred
hyperparams,y_pred
hyperparams,y_pred
hyperparams,y_pred
hyperparams,y_pred
hyperparams,y_pred
hyperparams,y_pred
hyperparams,y_pred
hyperparams,y_pred
hyperparams,y_pred
hyperparams,y_pred
hyperparams,y_pred
hyperparams,y_pred
hyperparams,y_pred
hyperparams,y_pred
hyperparams,y_pred
hyperparams,y_pred
hyperparams,y_pred
hyperparams,y_pred
hyperparams,y_pred
hyperparams,y_pred
hyperparams,y_pred
hyperparams,y_pred
hyperparams,y_pred
hyperparams,y_pred
hyperparams,y_pred
hyperparams,y_pred
hyperparams,y_pred
hyperparams,y_pred
hyperparams,y_pred
hyperparams,y_pred
hyperparams,y_pred
hyperparams,y_pred
hyperparams,y_pred
hyperparams,y_pred
hyperparams,y_pred
hyperparams,y_pred
hyperparams,y_pred
hyperparams,y_pred
hyperparams,y_pred
hyperparams,y_pred
hyperparams,y_pred
hyperparams,y_pred
hyperparams,y_pred
hyperparams,y_pred
hyperparams,y_pred
hyperparams,y_pred
hyperparams,y_pred
hyperparams,y_pred
hyperparams,y_pred
hyperparams,y_pred
hyperparams,y_pred
hyperparams,y_pred
hyperparams,y_pred
hyperparams,y_pred
hyperparams,y_pred
hyperparams,y_pred
hyperparams,y_pred
hyperparams,y_pred
hyperparams,y_pred
hyperparams,y_pred
hyperparams,y_pred
hyperparams,y_pred
hyperparams,y_pred
hyperparams,y_pred
hyperparams,y_pred
hyperparams,y_pred
hyperparams,y_pred
hyperparams,y_pred
hyperparams,y_pred
hyperparams,y_pred
hyperparams,y_pred
hyperparams,y_pred
hyperparams,y_pred
hyperparams,y_pred
hyperparams,y_pred
hyperparams,y_pred
hyperparams,y_pred
hyperparams,y_pred
hyperparams,y_pred
hyperparams,y_pred
hyperparams,y_pred
hyperparams,y_pred
hyperparams,y_pred
hyperparams,y_pred
hyperparams,y_pred
hyperparams,y_pred
hyperparams,y_pred
hyperparams,y_pred
hyperparams,y_pred
hyperparams,y_pred
hyperparams,y_pred
hyperparams,y_pred
hyperparams,y_pred
hyperparams,y_pred
hyperparams,y_pred
hyperparams,y_pred
hyperparams,y_pred
hyperparams,y_pred
hyperparams,y_pred
hyperparams,y_pred
hyperparams,y_pred
hyperparams,y_pred
hyperparams,y_pred
hyperparams,y_pred
hyperparams,y_pred
hyperparams,y_pred
hyperparams,y_pred
hyperparams,y_pred
hyperparams,y_pred
hyperparams,y_pred
hyperparams,y_pred
hyperparams,y_pred
hyperparams,y_pred
hyperparams,y_pred
hyperparams,y_pred
hyperparams,y_pred
hyperparams,y_pred
hyperparams,y_pred
hyperparams,y_pred
hyperparams,y_pred
hyperparams,y_pred
hyperparams,y_pred
hyperparams,y_pred
hyperparams,y_pred
hyperparams,y_pred
hyperparams,y_pred
hyperparams,y_pred
hyperparams,y_pred
hyperparams,y_pred
hyperparams,y_pred
hyperparams,y_pred
hyperparams,y_pred
hyperparams,y_pred
hyperparams,y_pred
hyperparams,y_pred
hyperparams,y_pred
hyperparams,y_pred
hyperparams,y_pred
hyperparams,y_pred
hyperparams,y_pred
hyperparams,y_pred
hyperparams,y_pred
hyperparams,y_pred
hyperparams,y_pred
hyperparams,y_pred
hyperparams,y_pred
hyperparams,y_pred
hyperparams,y_pred
hyperparams,y_pred
hyperparams,y_pred
hyperparams,y_pred
hyperparams,y_pred
hyperparams,y_pred
hyperparams,y_pred
hyperparams,y_pred
hyperparams,y_pred
hyperparams,y_pred
hyperparams,y_pred
hyperparams,y_pred
hyperparams,y_pred
hyperparams,y_pred
hyperparams,y_pred
hyperparams,y_pred
hyperparams,y_pred
hyperparams,y_pred
hyperparams,y_pred
hyperparams,y_pred
hyperparams,y_pred
hyperparams,y_pred
hyperparams,y_pred
hyperparams,y_pred
hyperparams,y_pred
hyperparams,y_pred
hyperparams,y_pred
hyperparams,y_pred
hyperparams,y_pred
hyperparams,y_pred
hyperparams,y_pred
hyperparams,y_pred
hyperparams,y_pred
hyperparams,y_pred
hyperparams,y_pred
hyperparams,y_pred
hyperparams,y_pred
hyperparams,y_pred
hyperparams,y_pred
hyperparams,y_pred
hyperparams,y_pred
hyperparams,y_pred
hyperparams,y_pred
hyperparams,y_pred
hyperparams,y_pred
hyperparams,y_pred
hyperparams,y_pred
hyperparams,y_pred
hyperparams,y_pred
hyperparams,y_pred
hyperparams,y_pred
hyperparams,y_pred
hyperparams,y_pred
hyperparams,y_pred
hyperparams,y_pred
hyperparams,y_pred
hyperparams,y_pred
hyperparams,y_pred
hyperparams,y_pred
hyperparams,y_pred
hyperparams,y_pred
hyperparams,y_pred
hyperparams,y_pred
hyperparams,y_pred
hyperparams,y_pred
hyperparams,y_pred
hyperparams,y_pred
hyperparams,y_pred
hyperparams,y_pred
hyperparams,y_pred
hyperparams,y_pred
hyperparams,y_pred
hyperparams,y_pred
hyperparams,y_pred
hyperparams,y_pred
hyperparams,y_pred
hyperparams,y_pred
hyperparams,y_pred
hyperparams,y_pred
hyperparams,y_pred
hyperparams,y_pred
hyperparams,y_pred
hyperparams,y_pred
hyperparams,y_pred
hyperparams,y_pred
hyperparams,y_pred
hyperparams,y_pred
hyperparams,y_pred
hyperparams,y_pred
hyperparams,y_pred
hyperparams,y_pred
hyperparams,y_pred
hyperparams,y_pred
hyperparams,y_pred
hyperparams,y_pred
hyperparams,y_pred
hyperparams,y_pred
hyperparams,y_pred
hyperparams,y_pred
hyperparams,y_pred
hyperparams,y_pred
hyperparams,y_pred
hyperparams,y_pred
hyperparams,y_pred
hyperparams,y_pred
hyperparams,y_pred
hyperparams,y_pred
hyperparams,y_pred
hyperparams,y_pred
hyperparams,y_pred
hyperparams,y_pred
hyperparams,y_pred
hyperparams,y_pred
hyperparams,y_pred
hyperparams,y_pred
hyperparams,y_pred
hyperparams,y_pred
hyperparams,y_pred
hyperparams,y_pred
hyperparams,y_pred
hyperparams,y_pred
hyperparams,y_pred
hyperparams,y_pred
hyperparams,y_pred
hyperparams,y_pred
